author,paper_count,topic_count,first_seen,last_seen,topics,主模型,系统/效率,多模态,数学/证明,代码,推理/RL,OCR
Chong Ruan,18,6,2024-01,2026-05,主模型、系统/效率、多模态、数学/证明、代码、推理/RL,5,3,4,3,1,2,0
Zhenda Xie,16,5,2024-01,2026-05,主模型、系统/效率、多模态、代码、推理/RL,5,4,4,0,2,1,0
Yukun Li,14,7,2024-01,2026-05,主模型、系统/效率、多模态、数学/证明、代码、推理/RL、OCR,5,2,1,1,2,1,2
Damai Dai,14,5,2024-01,2026-05,主模型、系统/效率、多模态、代码、推理/RL,5,6,1,0,1,1,0
Yu Wu,13,6,2024-01,2026-05,主模型、系统/效率、多模态、数学/证明、代码、推理/RL,5,2,1,1,2,2,0
Wenfeng Liang,13,4,2024-01,2026-05,主模型、系统/效率、代码、推理/RL,5,5,0,0,2,1,0
Huazuo Gao,12,5,2024-01,2026-05,主模型、系统/效率、多模态、代码、推理/RL,5,4,1,0,1,1,0
Qihao Zhu,12,4,2024-01,2026-05,主模型、数学/证明、代码、推理/RL,5,0,0,4,2,1,0
Zhihong Shao,12,4,2024-01,2026-05,主模型、数学/证明、代码、推理/RL,5,0,0,5,1,1,0
Chengqi Deng,11,5,2024-01,2026-05,主模型、系统/效率、多模态、代码、推理/RL,5,3,1,0,1,1,0
Liyue Zhang,11,5,2024-01,2026-05,主模型、系统/效率、数学/证明、代码、推理/RL,5,2,0,2,1,1,0
Runxin Xu,11,5,2024-01,2026-05,主模型、系统/效率、数学/证明、代码、推理/RL,5,2,0,1,1,2,0
Shirong Ma,11,5,2024-01,2026-05,主模型、系统/效率、数学/证明、代码、推理/RL,5,1,0,2,1,2,0
Daya Guo,11,4,2024-01,2026-05,主模型、数学/证明、代码、推理/RL,5,0,0,3,2,1,0
Xingkai Yu,11,4,2024-01,2026-05,主模型、系统/效率、多模态、推理/RL,5,2,3,0,0,1,0
Bingxuan Wang,10,5,2024-01,2026-05,主模型、系统/效率、多模态、代码、推理/RL,5,1,2,0,1,1,0
Chenggang Zhao,10,4,2024-01,2026-05,主模型、系统/效率、代码、推理/RL,5,3,0,0,1,1,0
Dejian Yang,10,4,2024-01,2026-05,主模型、数学/证明、代码、推理/RL,5,0,0,2,2,1,0
Jiashi Li,10,4,2024-01,2026-05,主模型、系统/效率、代码、推理/RL,5,3,0,0,1,1,0
Junxiao Song,10,4,2024-01,2026-05,主模型、数学/证明、代码、推理/RL,5,0,0,3,1,1,0
Kai Dong,10,4,2024-01,2026-05,主模型、多模态、代码、推理/RL,5,0,2,0,2,1,0
Wangding Zeng,10,4,2024-01,2026-05,主模型、系统/效率、代码、推理/RL,4,4,0,0,1,1,0
Yaofeng Sun,10,4,2024-01,2026-05,主模型、多模态、推理/RL、OCR,5,0,2,0,0,1,2
Wen Liu,10,3,2024-01,2026-05,主模型、多模态、推理/RL,5,0,4,0,0,1,0
Deli Chen,9,4,2024-01,2026-05,主模型、系统/效率、代码、推理/RL,5,2,0,0,1,1,0
Peiyi Wang,9,4,2024-01,2026-05,主模型、数学/证明、代码、推理/RL,5,0,0,1,1,2,0
Wenjun Gao,9,4,2024-01,2026-05,主模型、数学/证明、代码、推理/RL,5,0,0,2,1,1,0
Xiao Bi,9,4,2024-01,2026-05,主模型、数学/证明、代码、推理/RL,5,0,0,1,2,1,0
Panpan Huang,9,3,2024-01,2026-05,主模型、系统/效率、推理/RL,5,3,0,0,0,1,0
Shangyan Zhou,9,3,2024-01,2026-05,主模型、系统/效率、推理/RL,5,3,0,0,0,1,0
Fuli Luo,8,5,2024-01,2025-01,主模型、系统/效率、数学/证明、代码、推理/RL,3,1,0,1,2,1,0
Hanwei Xu,8,4,2024-01,2026-05,主模型、多模态、代码、推理/RL,5,0,1,0,1,1,0
Haowei Zhang,8,4,2024-01,2026-05,主模型、多模态、数学/证明、推理/RL,5,0,1,1,0,1,0
Kang Guan,8,4,2024-01,2026-05,主模型、多模态、代码、推理/RL,5,0,1,0,1,1,0
Liang Zhao,8,4,2024-05,2026-05,主模型、系统/效率、多模态、推理/RL,4,2,1,0,0,1,0
Qiushi Du,8,4,2024-01,2026-05,主模型、数学/证明、代码、推理/RL,5,0,0,1,1,1,0
Wentao Zhang,8,4,2024-01,2026-05,主模型、系统/效率、代码、推理/RL,5,1,0,0,1,1,0
Xin Xie,8,4,2024-01,2026-05,主模型、多模态、代码、推理/RL,5,0,1,0,1,1,0
Yishi Piao,8,4,2024-01,2026-05,主模型、多模态、代码、推理/RL,5,0,1,0,1,1,0
Yuxiang You,8,4,2024-01,2026-05,主模型、多模态、代码、推理/RL,5,0,1,0,1,1,0
Yuxuan Liu,8,4,2024-05,2026-05,主模型、系统/效率、数学/证明、推理/RL,4,2,0,1,0,1,0
Zhewen Hao,8,4,2024-01,2026-05,主模型、系统/效率、代码、推理/RL,5,1,0,0,1,1,0
Zhibin Gou,8,4,2024-06,2026-05,主模型、数学/证明、代码、推理/RL,3,0,0,3,1,1,0
Xiaokang Chen,8,3,2024-05,2026-05,主模型、多模态、推理/RL,4,0,3,0,0,1,0
Qinyu Chen,7,4,2024-05,2026-05,主模型、系统/效率、代码、推理/RL,4,1,0,0,1,1,0
Zhuoshu Li,7,4,2024-03,2026-05,主模型、系统/效率、多模态、推理/RL,4,1,1,0,0,1,0
Guanting Chen,7,3,2024-01,2026-05,主模型、代码、推理/RL,5,0,0,0,1,1,0
Jingyang Yuan,7,3,2024-05,2026-05,主模型、系统/效率、推理/RL,4,2,0,0,0,1,0
Lean Wang,7,3,2024-05,2026-05,主模型、系统/效率、推理/RL,4,2,0,0,0,1,0
Mingchuan Zhang,7,3,2024-01,2026-05,主模型、数学/证明、推理/RL,5,0,0,1,0,1,0
Shunfeng Zhou,7,3,2024-01,2026-05,主模型、系统/效率、推理/RL,5,1,0,0,0,1,0
Xingchao Liu,7,3,2024-10,2026-05,主模型、多模态、推理/RL,3,0,3,0,0,1,0
Yaohui Wang,7,3,2024-01,2026-05,主模型、代码、推理/RL,5,0,0,0,1,1,0
Ying He,7,3,2024-01,2026-05,主模型、系统/效率、推理/RL,5,1,0,0,0,1,0
Z. Z. Ren,7,3,2024-05,2025-12,主模型、数学/证明、推理/RL,3,0,0,3,0,1,0
Zhe Fu,7,3,2024-01,2026-05,主模型、数学/证明、推理/RL,5,0,0,1,0,1,0
Zhiyu Wu,7,3,2024-10,2026-05,主模型、多模态、推理/RL,3,0,3,0,0,1,0
Zizheng Pan,7,3,2024-10,2026-05,主模型、多模态、推理/RL,3,0,3,0,0,1,0
Aixin Liu,6,4,2024-05,2025-12,主模型、多模态、代码、推理/RL,3,0,1,0,1,1,0
Huajian Xin,6,3,2024-05,2025-04,主模型、数学/证明、推理/RL,2,0,0,3,0,1,0
Yixuan Tan,6,3,2024-05,2026-05,主模型、系统/效率、推理/RL,4,1,0,0,0,1,0
Yiyang Ma,6,3,2024-10,2026-05,主模型、多模态、推理/RL,3,0,2,0,0,1,0
Z. F. Wu,6,3,2024-08,2026-05,主模型、数学/证明、推理/RL,3,0,0,2,0,1,0
Zhengyan Zhang,6,3,2024-12,2026-05,主模型、系统/效率、推理/RL,3,2,0,0,0,1,0
Zihui Gu,6,3,2024-05,2026-05,主模型、代码、推理/RL,4,0,0,0,1,1,0
Erhang Li,6,2,2024-01,2026-05,主模型、推理/RL,5,0,0,0,0,1,0
Fangyun Lin,6,2,2024-01,2026-05,主模型、推理/RL,5,0,0,0,0,1,0
Guangbo Hao,6,2,2024-01,2026-05,主模型、推理/RL,5,0,0,0,0,1,0
Guowei Li,6,2,2024-01,2026-05,主模型、推理/RL,5,0,0,0,0,1,0
Honghui Ding,6,2,2024-01,2026-05,主模型、推理/RL,5,0,0,0,0,1,0
Hui Qu,6,2,2024-01,2026-05,主模型、推理/RL,5,0,0,0,0,1,0
Junjie Qiu,6,2,2024-01,2026-05,主模型、推理/RL,5,0,0,0,0,1,0
Kaige Gao,6,2,2024-01,2026-05,主模型、推理/RL,5,0,0,0,0,1,0
Lecong Zhang,6,2,2024-01,2026-05,主模型、推理/RL,5,0,0,0,0,1,0
Minghua Zhang,6,2,2024-01,2026-05,主模型、推理/RL,5,0,0,0,0,1,0
Minghui Tang,6,2,2024-01,2026-05,主模型、推理/RL,5,0,0,0,0,1,0
Ruiqi Ge,6,2,2024-01,2026-05,主模型、推理/RL,5,0,0,0,0,1,0
Shanghao Lu,6,2,2024-01,2026-05,主模型、推理/RL,5,0,0,0,0,1,0
Shanhuang Chen,6,2,2024-01,2026-05,主模型、推理/RL,5,0,0,0,0,1,0
Shiyu Wang,6,2,2024-01,2026-05,主模型、推理/RL,5,0,0,0,0,1,0
Shuiping Yu,6,2,2024-01,2026-05,主模型、推理/RL,5,0,0,0,0,1,0
Tian Pei,6,2,2024-01,2026-05,主模型、推理/RL,5,0,0,0,0,1,0
Xiaodong Liu,6,2,2024-01,2026-05,主模型、推理/RL,5,0,0,0,0,1,0
Xiaotao Nie,6,2,2024-01,2026-05,主模型、推理/RL,5,0,0,0,0,1,0
Xin Liu,6,2,2024-01,2026-05,主模型、推理/RL,5,0,0,0,0,1,0
Xuecheng Su,6,2,2024-01,2026-05,主模型、推理/RL,5,0,0,0,0,1,0
Yanhong Xu,6,2,2024-01,2026-05,主模型、推理/RL,5,0,0,0,0,1,0
Yao Li,6,2,2024-01,2026-05,主模型、推理/RL,5,0,0,0,0,1,0
Yao Zhao,6,2,2024-01,2026-05,主模型、推理/RL,5,0,0,0,0,1,0
Yichao Zhang,6,2,2024-01,2026-05,主模型、推理/RL,5,0,0,0,0,1,0
Yiliang Xiong,6,2,2024-01,2026-05,主模型、推理/RL,5,0,0,0,0,1,0
Yiyuan Liu,6,2,2024-01,2026-05,主模型、推理/RL,5,0,0,0,0,1,0
Yuheng Zou,6,2,2024-01,2026-05,主模型、推理/RL,5,0,0,0,0,1,0
Zehui Ren,6,2,2024-01,2026-05,主模型、推理/RL,5,0,0,0,0,1,0
Zhangli Sha,6,2,2024-01,2026-05,主模型、推理/RL,5,0,0,0,0,1,0
Ziwei Xie,6,2,2024-01,2026-05,主模型、推理/RL,5,0,0,0,0,1,0
Bo Liu,5,3,2024-01,2024-08,主模型、多模态、数学/证明,2,0,1,2,0,0,0
Chengda Lu,5,3,2024-12,2026-05,主模型、数学/证明、推理/RL,3,0,0,1,0,1,0
Kuai Yu,5,3,2024-12,2026-05,主模型、系统/效率、推理/RL,3,1,0,0,0,1,0
Xiaokang Zhang,5,3,2024-12,2026-05,主模型、数学/证明、推理/RL,3,0,0,1,0,1,0
Xin Cheng,5,3,2024-12,2026-05,主模型、系统/效率、推理/RL,3,1,0,0,0,1,0
Y. X. Wei,5,3,2024-05,2025-05,主模型、系统/效率、推理/RL,2,2,0,0,0,1,0
Yisong Wang,5,3,2024-12,2026-05,主模型、多模态、推理/RL,3,0,1,0,0,1,0
Yuxiang Luo,5,3,2024-12,2026-05,主模型、数学/证明、推理/RL,3,0,0,1,0,1,0
Zhean Xu,5,3,2024-12,2026-05,主模型、系统/效率、推理/RL,3,1,0,0,0,1,0
Ruizhe Pan,5,2,2024-05,2026-05,主模型、推理/RL,4,0,0,0,0,1,0
Xiaohan Wang,5,2,2024-05,2026-05,主模型、推理/RL,4,0,0,0,0,1,0
Xinyu Yang,5,2,2024-05,2026-05,主模型、推理/RL,4,0,0,0,0,1,0
Yongqiang Guo,5,2,2024-05,2026-05,主模型、推理/RL,4,0,0,0,0,1,0
Yuduan Wang,5,2,2024-05,2026-05,主模型、推理/RL,4,0,0,0,0,1,0
Zilin Li,5,2,2024-05,2026-05,主模型、推理/RL,4,0,0,0,0,1,0
Haocheng Wang,4,3,2024-08,2025-04,主模型、数学/证明、推理/RL,1,0,0,2,0,1,0
Wanjia Zhao,4,3,2024-08,2025-04,主模型、数学/证明、推理/RL,1,0,0,2,0,1,0
Bing Xue,4,2,2024-12,2026-05,主模型、推理/RL,3,0,0,0,0,1,0
Bochao Wu,4,2,2024-12,2026-05,主模型、推理/RL,3,0,0,0,0,1,0
Fucong Dai,4,2,2024-12,2026-05,主模型、推理/RL,3,0,0,0,0,1,0
H. Zhang,4,2,2024-05,2025-12,主模型、推理/RL,3,0,0,0,0,1,0
Haoran Wei,4,2,2025-10,2026-05,主模型、OCR,2,0,0,0,0,0,2
Jianzhong Guo,4,2,2024-01,2025-01,主模型、推理/RL,3,0,0,0,0,1,0
Jingchang Chen,4,2,2024-12,2026-05,主模型、推理/RL,3,0,0,0,0,1,0
Junlong Li,4,2,2024-12,2026-05,主模型、推理/RL,3,0,0,0,0,1,0
Litong Wang,4,2,2024-12,2026-05,主模型、推理/RL,3,0,0,0,0,1,0
Qiancheng Wang,4,2,2024-12,2026-05,主模型、推理/RL,3,0,0,0,0,1,0
Ruisong Zhang,4,2,2024-12,2026-05,主模型、推理/RL,3,0,0,0,0,1,0
Runji Wang,4,2,2024-12,2026-05,主模型、推理/RL,3,0,0,0,0,1,0
Ruoyu Zhang,4,2,2024-12,2026-05,主模型、推理/RL,3,0,0,0,0,1,0
Shuting Pan,4,2,2024-12,2026-05,主模型、推理/RL,3,0,0,0,0,1,0
Tao Yun,4,2,2024-12,2026-05,主模型、推理/RL,3,0,0,0,0,1,0
Xuheng Lin,4,2,2024-12,2026-05,主模型、推理/RL,3,0,0,0,0,1,0
Y. Q. Wang,4,2,2024-12,2026-05,主模型、推理/RL,3,0,0,0,0,1,0
Yang Zhang,4,2,2024-12,2026-05,主模型、推理/RL,3,0,0,0,0,1,0
Yi Yu,4,2,2024-12,2026-05,主模型、推理/RL,3,0,0,0,0,1,0
Yifan Shi,4,2,2024-12,2026-05,主模型、推理/RL,3,0,0,0,0,1,0
Yuan Ou,4,2,2024-12,2026-05,主模型、推理/RL,3,0,0,0,0,1,0
Yunfan Xiong,4,2,2024-12,2026-05,主模型、推理/RL,3,0,0,0,0,1,0
Yuyang Zhou,4,2,2024-12,2026-05,主模型、推理/RL,3,0,0,0,0,1,0
Zhicheng Ma,4,2,2024-12,2026-05,主模型、推理/RL,3,0,0,0,0,1,0
Zhigang Yan,4,2,2024-12,2026-05,主模型、推理/RL,3,0,0,0,0,1,0
Zijia Zhu,4,2,2024-12,2026-05,主模型、推理/RL,3,0,0,0,0,1,0
Ziyi Gao,4,2,2024-12,2026-05,主模型、推理/RL,3,0,0,0,0,1,0
